Product,Product ID,Images above 1800px,Maximum long edge
"Without A Fight 2023 Melbourne Cup Wall Art",8106660692275,6,2048
"Cameron Munster Art",8106671243571,6,2048
"Nature Strip Horse Racing Art",8111645819187,6,2048
"Johnathan Thurston Art",8152123801907,6,2048
"Joey the 8th Art",8152207065395,6,2048
"Patty Mills: Proud & Deadly Wall Art",8183026909491,6,2048
"Tim Cahill Socceroo's Art",8187846689075,5,2048
"Lionel Messi “Barça Brilliance” Wall Art",8198420136243,6,2048
"Russel Westbrook Clippers Art",8198511362355,6,2048
"Americain Horse Racing Wall Art",8236101665075,6,2048
"Ben Hunt Queenslander Art",8356972790067,5,2048
"Billy Slater QLD Art",8365803471155,6,2048
"Jimmy Butler Heat Wall Art",8374436921651,6,2048
"Jahrome Hughes Art",8393299558707,6,2048
"Joey Manu Art",8393355985203,6,2048
"Daly Cherry Evans Art",8393476800819,6,2048
"Nicho Hynes Cronulla Sharks Art",8393878733107,6,2048
"Hamiso Tabuai-Fidow Dolphins Art",8395696111923,5,2048
"QLD Munster Cherry Hunt Art",8417664663859,6,2048
"King Gutho Parramatta Eels Art",8426966319411,6,2048
"Reuben Cotter Maroons Art",8429329547571,5,2048
"Think It Over Horse Racing Wall Art",8449953136947,6,2048
"Sam Kerr Matilda's Wall Art",8468358299955,2,2048
"Kalyn Ponga Art",8468711211315,6,2048
"Steph Catley Matilda's Wall Art",8526546567475,6,2048
"Darren Lockyer QLD Kangaroos NRL Art",8549114544435,6,2048
"Ryan Papenhuyzen Melbourne Storm Art",8586044375347,6,2048
"Dom Sheed Eagles Art",8595489423667,6,2048
"Penrith Panthers Historic Three Peat Dynasty",8725151973683,5,2048
"Adam Reynolds Broncos Art",8766349836595,6,2048
"Corey Horsburgh Art",8769691091251,6,2048
"Usain Bolt No Limits Wall Art",8863138152755,6,2048
"Tom Trbojevic Art",8882196218163,6,2048
"Lionel Messi Fight for Your Dream Wall Art",8889835192627,6,2048
"Donovan Mitchell Cavs Wall Art",8905492791603,6,2048
"Zach LaVine Bulls Wall Art",8916479377715,6,2048
"Jordan Stare Johnson Art",8922388988211,6,2048
"Mr Brightside Horse Racing Wall Art",8946590875955,6,2048
"King James Tribute Wall Art",8946605523251,6,2048
"Beth Mooney Cricket Wall Art",8972638683443,6,2048
"Lance Buddy Franklin Swans Art",9004615794995,6,2048
"Jack Steele Saints Art",9004782518579,6,2048
"Patrick Cripps Blues Art",9016186405171,6,2048
"Marcus Bontempelli Bulldogs Art",9016262230323,6,2048
"Nick Daicos Magpies Art",9016338645299,6,2048
"Bailey Smith Bulldogs Art",9018311213363,6,2048
"Charlie Cameron Lions Art",9018357383475,6,2048
"Travis Boak Power Art",9018442907955,6,2048
"Christian Petracca Demons Art",9019730297139,6,2048
"Tom Lynch Tigers Art",9019856126259,6,2048
"Dustin Martin GF Tribute Art",9021914054963,6,2048
"Noah Anderson Suns Art",9021996138803,6,2048
"Toby Greene Giants Art",9022046830899,6,2048
"Tom Hawkins Cats Art",9022843846963,6,2048
"Jade Gresham Bombers Art",9022893982003,6,2048
"Nic Naitanui Eagles Art",9027110797619,6,2048
"Luke Davies-Uniacke Kangaroos Art",9027156607283,6,2048
"Eddie Betts Blues Art",9027198976307,6,2048
"James Sicily Hawthorn Art",9028566548787,6,2048
"Taylor Walker Crows Art",9030775996723,6,2048
"Andrew Brayshaw Dockers Art",9032402469171,6,2048
"Isaac Heeney Swans Art",9032457453875,6,2048
"Jack Riewoldt Tigers Art",9032602648883,6,2048
"Sam De Koning Cats Art",9047617438003,6,2048
"Charlie Curnow Blues Art",9049409192243,6,2048
"Scott Pendlebury Magpies Art",9050958004531,6,2048
"Max Gawn Demons Art",9052749988147,6,2048
"Connor Rozee Power Art",9052769321267,6,2048
"GWS Giants Art",9073461002547,6,2048
"Geelong Cats Art",9075543114035,6,2048
"Jordan De Goey Magpies Art",9078903767347,6,2048
"Tom Green Giants Art",9079222337843,6,2048
"Zac Butters Power Art",9087801033011,6,2048
"Caleb Serong Dockers Art",9088157352243,6,2048
"Matt Rowell Suns Art",9095912784179,6,2048
"Shai Bolton Tigers Art",9096148517171,6,2048
"Patrick Dangerfield Cats Art",9096318255411,6,2048
"Imperatriz Tribute Art",9097990799667,6,2048
"Sam Walsh Blues Art",9102967505203,6,2048
"Josh Daicos Magpies Art",9134887928115,6,2048
"Brayden Maynard Magpies Art",9134998552883,6,2048
"Isaac Quaynor Magpies Art",9135062024499,6,2048
"Ben Cousins Eagles Art",9155735978291,6,2048
"Jack Ginnivan Hawks Art",9155824550195,6,2048
"Lachie Neale Lions Wall Art",9220075585843,6,2048
"Errol Gulden Swans Art",9226924556595,6,2048
"Gary Ablett Jr Greatness Art",9229937541427,6,2048
"Chris Judd Eagles Art",9230138868019,6,2048
"Harley Reid Eagles Art",9235643892019,6,2048
"Jack Viney Demons Art",9251293757747,6,2048
"Jack Sinclair Saints Art",9251376169267,6,2048
"Nat Fyfe Dockers Art",9264266117427,6,2048
"Joel Selwood Tribute Art",9264310092083,6,2048
"Zach Merrett Bombers Art",9272590631219,6,2048
"Sydney Swans Gulden Heeney Warner Art",9272747524403,6,2048
"Chautauqua Horse Racing Wall Art",9376016105779,6,2048
"Pierro Horse Racing Wall Art",9377560265011,6,2048
"Redzel Horse Racing Wall Art",9382653821235,6,2048
"Santa Ana Lane Horse Racing Wall Art",9382736363827,6,2048
"Anamoe Horse Racing Wall Art",9382871204147,6,2048
"The Autumn Sun Horse Racing Wall Art",9385560473907,6,2048
"Zaaki Horse Racing Wall Art",9385691906355,6,2048
"Gytrash Horse Racing Wall Art",9385817637171,6,2048
"Angus Crichton Sydney Roosters NRL Art",9417263317299,6,2048
"Greg Inglis QLD State of Origin Art",9427505742131,6,2048
"Jarome Luai NSW Blues NRL Art",9428763115827,6,2048
"Paul Pogba Dab Football Wall Art",9461658222899,6,2048
"LeBron James “Wings of Greatness” Wall Art",9509831639347,6,2048
"Forever Golden - Thorpe & Freeman Wall Art",9711555772723,7,2048
"Six Laps Ahead Peter Brock Wall Art",10165790736691,1,2048
